{
  "version": 1,
  "author": "Anonymous maker",
  "editor": "wokwi",
  "parts": [
    { "type": "wokwi-arduino-nano", "id": "nano", "top": -4.8, "left": -0.5, "attrs": {} },
    { "type": "wokwi-ds1307", "id": "rtc1", "top": 129, "left": 172.9, "attrs": {} },
    { "type": "wokwi-neopixel", "id": "rgb1", "top": -41.9, "left": 171.8, "attrs": {} },
    { "type": "wokwi-neopixel", "id": "rgb2", "top": -41.9, "left": 210.2, "attrs": {} },
    { "type": "wokwi-neopixel", "id": "rgb3", "top": -41.9, "left": 248.6, "attrs": {} },
    { "type": "wokwi-neopixel", "id": "rgb4", "top": -41.9, "left": 287, "attrs": {} },
    { "type": "wokwi-neopixel", "id": "rgb5", "top": -89.9, "left": 287, "attrs": {} },
    { "type": "wokwi-neopixel", "id": "rgb6", "top": -89.9, "left": 248.6, "attrs": {} },
    { "type": "wokwi-neopixel", "id": "rgb7", "top": -89.9, "left": 210.2, "attrs": {} },
    { "type": "wokwi-neopixel", "id": "rgb8", "top": -89.9, "left": 171.8, "attrs": {} },
    { "type": "wokwi-neopixel", "id": "rgb9", "top": -89.9, "left": 133.4, "attrs": {} },
    { "type": "wokwi-neopixel", "id": "rgb10", "top": -166.7, "left": 287, "attrs": {} },
    { "type": "wokwi-neopixel", "id": "rgb11", "top": -166.7, "left": 248.6, "attrs": {} },
    { "type": "wokwi-neopixel", "id": "rgb12", "top": -166.7, "left": 210.2, "attrs": {} },
    { "type": "wokwi-neopixel", "id": "rgb13", "top": -166.7, "left": 171.8, "attrs": {} },
    { "type": "wokwi-neopixel", "id": "rgb14", "top": -166.7, "left": 133.4, "attrs": {} },
    { "type": "wokwi-neopixel", "id": "rgb15", "top": -166.7, "left": 95, "attrs": {} },
    { "type": "wokwi-neopixel", "id": "rgb16", "top": -214.7, "left": 287, "attrs": {} },
    { "type": "wokwi-neopixel", "id": "rgb17", "top": -214.7, "left": 248.6, "attrs": {} },
    { "type": "wokwi-neopixel", "id": "rgb18", "top": -214.7, "left": 210.2, "attrs": {} },
    { "type": "wokwi-neopixel", "id": "rgb19", "top": -214.7, "left": 171.8, "attrs": {} },
    {
      "type": "wokwi-pushbutton-6mm",
      "id": "btn1",
      "top": 103.4,
      "left": 19.2,
      "attrs": { "color": "green" }
    },
    {
      "type": "wokwi-pushbutton-6mm",
      "id": "btn2",
      "top": 180.2,
      "left": 19.2,
      "attrs": { "color": "green", "bounce": "1" }
    },
    {
      "type": "wokwi-pushbutton-6mm",
      "id": "btn3",
      "top": 141.8,
      "left": 19.2,
      "attrs": { "color": "green" }
    }
  ],
  "connections": [
    [ "rgb4:DIN", "nano:4", "magenta", [ "h18.4", "v28.8", "h-229.9" ] ],
    [ "rgb4:DOUT", "rgb3:DIN", "magenta", [ "h-9.6", "v-10.5" ] ],
    [ "rgb3:DOUT", "rgb2:DIN", "magenta", [ "v-0.9", "h-9.6", "v-9.6" ] ],
    [ "rgb2:DOUT", "rgb1:DIN", "magenta", [ "h-9.6", "v-10.5" ] ],
    [ "rgb1:DOUT", "rgb5:DIN", "magenta", [ "h-19.2", "v-29.7", "h163.2", "v-28.8" ] ],
    [ "rgb5:DOUT", "rgb6:DIN", "magenta", [ "h-9.6", "v-10.5" ] ],
    [ "rgb6:DOUT", "rgb7:DIN", "magenta", [ "h-9.6", "v-10.5" ] ],
    [ "rgb7:DOUT", "rgb8:DIN", "magenta", [ "h-9.6", "v-10.5" ] ],
    [ "rgb8:DOUT", "rgb9:DIN", "magenta", [ "h-9.6", "v-10.5" ] ],
    [ "rgb10:DOUT", "rgb11:DIN", "violet", [ "h-9.6", "v-10.5" ] ],
    [ "rgb11:DOUT", "rgb12:DIN", "violet", [ "h-9.6", "v-10.5" ] ],
    [ "rgb12:DOUT", "rgb13:DIN", "violet", [ "h-9.6", "v-10.5" ] ],
    [ "rgb13:DOUT", "rgb14:DIN", "violet", [ "h-9.6", "v-10.5" ] ],
    [ "rgb14:DOUT", "rgb15:DIN", "violet", [ "h-9.6", "v-10.5" ] ],
    [ "rgb15:DOUT", "rgb16:DIN", "violet", [ "h-9.6", "v-29.7", "h240", "v-28.8" ] ],
    [ "rgb16:DOUT", "rgb17:DIN", "violet", [ "h-9.6", "v-10.5" ] ],
    [ "rgb17:DOUT", "rgb18:DIN", "violet", [ "h-9.6", "v-10.5" ] ],
    [ "rgb18:DOUT", "rgb19:DIN", "violet", [ "h-9.6", "v-10.5" ] ],
    [ "rgb1:VSS", "nano:GND.2", "black", [ "h8.8", "v8.7", "h-76.3" ] ],
    [ "rgb1:VSS", "rgb2:VSS", "black", [ "h8.8", "v8.7", "h38.4", "v-8.7" ] ],
    [ "rgb2:VSS", "rgb3:VSS", "black", [ "h8.8", "v8.7", "h38.4", "v-8.7" ] ],
    [ "rgb4:VSS", "rgb3:VSS", "black", [ "h8.8", "v8.7", "h-36.8", "v-8.7" ] ],
    [ "rgb5:VSS", "rgb6:VSS", "black", [ "v8.7", "h-29.6", "v-9.6" ] ],
    [ "rgb7:VSS", "rgb6:VSS", "black", [ "v-0.9", "h8.8", "v9.6", "h38.4", "v-9.6" ] ],
    [ "rgb7:VSS", "rgb8:VSS", "black", [ "v-0.9", "h8.8", "v9.6", "h-38.4", "v-9.6" ] ],
    [ "rgb8:VSS", "rgb9:VSS", "black", [ "v-0.9", "h8.8", "v9.6", "h-38.4", "v-9.6" ] ],
    [ "rgb9:VSS", "nano:GND.2", "black", [ "v-0.9", "h8.8", "v9.6", "h-38.4" ] ],
    [ "rgb10:VSS", "rgb11:VSS", "black", [ "v-0.9", "h8.8", "v9.6", "h-38.4", "v-9.6" ] ],
    [ "rgb11:VSS", "rgb12:VSS", "black", [ "v-0.9", "h8.8", "v9.6", "h-38.4", "v-9.6" ] ],
    [ "rgb12:VSS", "rgb13:VSS", "black", [ "v-0.9", "h8.8", "v9.6", "h-38.4", "v-9.6" ] ],
    [ "rgb13:VSS", "rgb14:VSS", "black", [ "v-0.9", "h8.8", "v9.6", "h-38.4", "v-9.6" ] ],
    [ "rgb14:VSS", "rgb15:VSS", "black", [ "v-0.9", "h8.8", "v9.6", "h-38.4", "v-9.6" ] ],
    [ "rgb16:VSS", "rgb17:VSS", "black", [ "v-0.9", "h8.8", "v9.6", "h-38.4", "v-9.6" ] ],
    [ "rgb17:VSS", "rgb18:VSS", "black", [ "v-0.9", "h8.8", "v9.6", "h-38.4", "v-9.6" ] ],
    [ "rgb18:VSS", "rgb19:VSS", "black", [ "v-0.9", "h8.8", "v9.6", "h-38.4", "v-9.6" ] ],
    [
      "rgb16:VSS",
      "rgb15:VSS",
      "black",
      [ "v-0.9", "h8.8", "v9.6", "h-240", "v48", "h48", "v-8.7" ]
    ],
    [ "rgb15:VSS", "nano:GND.2", "black", [ "v-0.9", "h8.8", "v9.6" ] ],
    [ "rgb10:DIN", "nano:5", "violet", [ "h18.4", "v28.8", "h-240" ] ],
    [ "rgb4:VDD", "rgb3:VDD", "red", [ "h-9.6", "v-9.6", "h-38.4", "v9.6" ] ],
    [ "rgb3:VDD", "rgb2:VDD", "red", [ "h-9.6", "v-9.6", "h-38.4", "v9.6" ] ],
    [ "rgb2:VDD", "rgb1:VDD", "red", [ "h-9.6", "v-9.6", "h-38.4", "v9.6" ] ],
    [ "rgb4:VDD", "rgb5:VDD", "red", [ "h-9.6", "v-9.6", "h57.6", "v-48", "h-57.6", "v9.6" ] ],
    [ "rgb5:VDD", "rgb6:VDD", "red", [ "h-9.6", "v-9.6", "h-38.4", "v9.6" ] ],
    [ "rgb6:VDD", "rgb7:VDD", "red", [ "h-9.6", "v-9.6", "h-38.4", "v9.6" ] ],
    [ "rgb7:VDD", "rgb8:VDD", "red", [ "h-9.6", "v-9.6", "h-38.4", "v9.6" ] ],
    [ "rgb8:VDD", "rgb9:VDD", "red", [ "h-9.6", "v-9.6", "h-28.8" ] ],
    [ "rgb5:VDD", "rgb10:VDD", "red", [ "h-9.6", "v-9.6", "h57.6", "v-76.8", "h-57.6", "v9.6" ] ],
    [ "rgb10:VDD", "rgb11:VDD", "red", [ "h-9.6", "v-9.6", "h-38.4", "v9.6" ] ],
    [ "rgb11:VDD", "rgb12:VDD", "red", [ "h-9.6", "v-9.6", "h-38.4", "v9.6" ] ],
    [ "rgb12:VDD", "rgb13:VDD", "red", [ "h-9.6", "v-9.6", "h-38.4", "v9.6" ] ],
    [ "rgb13:VDD", "rgb14:VDD", "red", [ "h-9.6", "v-9.6", "h-38.4", "v9.6" ] ],
    [ "rgb14:VDD", "rgb15:VDD", "red", [ "h-9.6", "v-9.6", "h-28.8" ] ],
    [ "rgb10:VDD", "rgb16:VDD", "red", [ "h-9.6", "v-9.6", "h57.6", "v-48", "h-57.6", "v9.6" ] ],
    [ "rgb16:VDD", "rgb17:VDD", "red", [ "h-9.6", "v-9.6", "h-38.4", "v9.6" ] ],
    [ "rgb17:VDD", "rgb18:VDD", "red", [ "h-9.6", "v-9.6", "h-38.4", "v9.6" ] ],
    [ "rgb18:VDD", "rgb19:VDD", "red", [ "h-9.6", "v-9.6", "h-38.4", "v9.6" ] ],
    [ "nano:5V", "rtc1:5V", "red", [ "v0" ] ],
    [ "nano:GND.1", "rtc1:GND", "black", [ "v0" ] ],
    [ "nano:5V", "rgb4:VDD", "red", [ "v19.2", "h211.2", "v-124.8", "h-57.6", "v9.6" ] ],
    [ "rtc1:SDA", "nano:A4", "purple", [ "h0" ] ],
    [ "rtc1:SCL", "nano:A5", "yellow", [ "h0" ] ],
    [ "btn2:1.r", "btn3:1.r", "black", [ "v0", "h20", "v-38.4" ] ],
    [ "btn3:1.r", "btn1:1.r", "black", [ "v0", "h20", "v-38.4" ] ],
    [ "btn1:1.r", "nano:GND.1", "black", [ "h20", "v-38.4", "h76.8" ] ],
    [ "btn1:1.l", "nano:A3", "white", [ "h-9.6", "v-9.6", "h67.2" ] ],
    [ "btn3:1.l", "nano:A2", "gray", [ "h-19.2", "v-57.6", "h67.2" ] ],
    [ "btn2:1.l", "nano:A1", "orange", [ "h-28.8", "v-105.6", "h67.2" ] ]
  ],
  "dependencies": {}
}